{
  "id": "rarity-colors",
  "title": "Rarity Colors",
  "description": "Auto colors inventory items based on visibility",
  "version": "0.2.0",
  "library": "false",
  "manifestPlusVersion": "1.0.0",
  "minimumCoreVersion": "10",
  "compatibleCoreVersion": "10",
  "authors": [
    {
      "name": "Kandashi",
      "url": "https://github.com/kandashi",
      "discord": "Kandashi (He/Him)#6698"
    }
  ],
  "languages": [
    {
      "lang": "en",
      "name": "English",
      "path": "lang/en.json"
    }
  ],
  "esmodules": [
    "/scripts/raritycolors.js",
    "/scripts/settings.js"
  ],
  "styles": [
    "/styles/raritycolors.css"
  ],
  "url": "https://github.com/jessev14/rarity-colors",
  "manifest": "https://github.com/jessev14/pf2e-staves/releases/latest/download/module.json",
  "download": "https://github.com/jessev14/pf2e-staves/releases/download/0.2.0/module.zip"
}
